<?xml version="1.0" encoding="UTF-8"?>
<node>
<version>6</version>
<dict>
  <key>title</key><string>Trash</string>
  <key>nodeid</key><string>98d72361-4a29-4a3c-ac4a-8388a5ef3adb</string>
  <key>modified_time</key><integer>1722172030</integer>
  <key>version</key><integer>6</integer>
  <key>content_type</key><string>application/x-notebook-trash</string>
  <key>created_time</key><integer>1722172030</integer>
  <key>info_sort_dir</key><integer>1</integer>
  <key>order</key><integer>0</integer>
  <key>info_sort</key><string>order</string>
</dict>
</node>
